País,Liga,Link Liga,Partido,Resultado,Estado,Link Partido,Hora
EUROPE,Euroleague,https://www.flashscore.com/basketball/europe/euroleague/,Virtus Bologna vs Partizan Mozzart Bet,VS,Finalizado,https://www.flashscore.com/match/basketball/partizan-mozzart-bet-GAiz1YL6/virtus-bologna-YwDFycYd/?mid=M1JqyNu9,19:45
EUROPE,Eurocup - Play Offs,https://www.flashscore.com/basketball/europe/eurocup/,Turk Telekom vs Manresa,VS,Finalizado,https://www.flashscore.com/match/basketball/manresa-KAm6vlvR/turk-telekom-xzhkYoHf/?mid=UTf9FtnL,17:00
EUROPE,Eurocup - Play Offs,https://www.flashscore.com/basketball/europe/eurocup/,Buducnost vs Cluj-Napoca,VS,Finalizado,https://www.flashscore.com/match/basketball/buducnost-6s1E9IqE/csu-cluj-napoca-Iy6Md8xS/?mid=hK3n8bve,18:00
EUROPE,Eurocup - Play Offs,https://www.flashscore.com/basketball/europe/eurocup/,Cedevita Olimpija vs Chemnitz,VS,Finalizado,https://www.flashscore.com/match/basketball/cedevita-olimpija-M7fraCjJ/chemnitz-hInQh5sp/?mid=0CouAK9r,18:00
EUROPE,Eurocup - Play Offs,https://www.flashscore.com/basketball/europe/eurocup/,Venezia vs Trento,VS,Finalizado,https://www.flashscore.com/match/basketball/trento-ITNxcZJl/venezia-nR1rGe9M/?mid=dGd1H2H8,19:00
EUROPE,Champions League - Winners stage,https://www.flashscore.com/basketball/europe/champions-league/,AEK Athens vs Tofas,VS,Finalizado,https://www.flashscore.com/match/basketball/aek-athens-rNP3sgeq/tofas-ljIF1MyG/?mid=x2s4Y7a6,17:00
EUROPE,Champions League - Winners stage,https://www.flashscore.com/basketball/europe/champions-league/,Nymburk vs Trieste,VS,Finalizado,https://www.flashscore.com/match/basketball/nymburk-C8cZ61Oi/pallacanestro-trieste-f7SJ0Orj/?mid=bVfhFxQP,17:30
EUROPE,Champions League - Winners stage,https://www.flashscore.com/basketball/europe/champions-league/,Rytas vs Le Mans,VS,Finalizado,https://www.flashscore.com/match/basketball/bc-rytas-d2OmwT1J/le-mans-Qqv37Lsk/?mid=zedm5Roo,17:30
EUROPE,Champions League - Winners stage,https://www.flashscore.com/basketball/europe/champions-league/,AS Karditsas vs Alba Berlin,VS,Finalizado,https://www.flashscore.com/match/basketball/alba-berlin-ncLyc03K/as-karditsas-EHW5nnIO/?mid=bPPC1q9r,19:00
EUROPE,Champions League - Winners stage,https://www.flashscore.com/basketball/europe/champions-league/,Tenerife vs Gran Canaria,VS,Finalizado,https://www.flashscore.com/match/basketball/gran-canaria-QmfIiWgr/tenerife-OfgZ0mtF/?mid=4GDVUO9s,20:00
USA,NBA,https://www.flashscore.com/basketball/usa/nba/,Houston Rockets vs Toronto Raptors,113-99,Finalizado,https://www.flashscore.com/match/basketball/houston-rockets-Sr9PQALP/toronto-raptors-CxtbCMdU/?mid=KlXTTKUg,
USA,NBA,https://www.flashscore.com/basketball/usa/nba/,Milwaukee Bucks vs Phoenix Suns,114-129,Finalizado,https://www.flashscore.com/match/basketball/milwaukee-bucks-QTBEW6rC/phoenix-suns-M1Gy2pra/?mid=8EwaWbY1,
USA,NBA,https://www.flashscore.com/basketball/usa/nba/,San Antonio Spurs vs Boston Celtics,125-116,Finalizado,https://www.flashscore.com/match/basketball/boston-celtics-KYD9hVEm/san-antonio-spurs-IwmkErSH/?mid=08Qpf2Q8,
USA,NBA,https://www.flashscore.com/basketball/usa/nba/,Golden State Warriors vs Chicago Bulls,124-130,AOT,https://www.flashscore.com/match/basketball/chicago-bulls-bPjc49q0/golden-state-warriors-SxUtXqch/?mid=dzKghteL,
USA,NBA,https://www.flashscore.com/basketball/usa/nba/,Portland Trail Blazers vs Charlotte Hornets,101-103,Finalizado,https://www.flashscore.com/match/basketball/charlotte-hornets-xftMikUg/portland-trail-blazers-4Awl14c5/?mid=SIAPnKIr,
USA,NBA,https://www.flashscore.com/basketball/usa/nba/,Sacramento Kings vs Indiana Pacers,114-109,Finalizado,https://www.flashscore.com/match/basketball/indiana-pacers-YPohMUTt/sacramento-kings-CvwE1OCB/?mid=lYbYpbme,
USA,NBA,https://www.flashscore.com/basketball/usa/nba/,Los Angeles Lakers vs Minnesota Timberwolves,120-106,Finalizado,https://www.flashscore.com/match/basketball/los-angeles-lakers-ngegZ8bg/minnesota-timberwolves-KjBIVQcI/?mid=zkctqxI7,
USA,NBA,https://www.flashscore.com/basketball/usa/nba/,Orlando Magic vs Cleveland Cavaliers,VS,Finalizado,https://www.flashscore.com/match/basketball/cleveland-cavaliers-xGk13Tb6/orlando-magic-QZMS36Dn/?mid=jcuT6uAE,23:30
USA,NCAA,https://www.flashscore.com/basketball/usa/ncaa/,Jackson State vs Grambling St.,68-65,Finalizado,https://www.flashscore.com/match/basketball/grambling-st-bkFPTeSH/jackson-state-jLwbu4u2/?mid=fq0wQRY7,
USA,NCAA,https://www.flashscore.com/basketball/usa/ncaa/,Gonzaga vs Santa Clara,79-68,Finalizado,https://www.flashscore.com/match/basketball/gonzaga-bulldogs-KbGLUyDB/santa-clara-YRoALkfF/?mid=f3jXo9eR,
USA,NCAA,https://www.flashscore.com/basketball/usa/ncaa/,Jacksonville State vs New Mexico State,63-68,Finalizado,https://www.flashscore.com/match/basketball/jacksonville-state-0vkE47X8/new-mexico-state-xz9AG67f/?mid=O0BTaf9e,
USA,NCAA,https://www.flashscore.com/basketball/usa/ncaa/,Merrimack Warriors vs Siena,54-64,Finalizado,https://www.flashscore.com/match/basketball/merrimack-warriors-tfZ3DLgb/siena-saints-bejl1YX5/?mid=djTiQ6zq,
USA,NCAA,https://www.flashscore.com/basketball/usa/ncaa/,Portland State vs Montana,72-75,Finalizado,https://www.flashscore.com/match/basketball/montana-zmOoQRzi/portland-state-MJzdcb4U/?mid=nwmPmVQE,
USA,NCAA,https://www.flashscore.com/basketball/usa/ncaa/,Colorado vs Oklahoma State,83-92,Finalizado,https://www.flashscore.com/match/basketball/colorado-KEbZa5jN/oklahoma-state-SEpBr15I/?mid=Q32DlLZq,
USA,NCAA,https://www.flashscore.com/basketball/usa/ncaa/,McNeese State vs UTRGV,84-80,AOT,https://www.flashscore.com/match/basketball/mcneese-state-UujhJYEh/utrgv-dxCOYueG/?mid=ATe2tmJl,
USA,NCAA,https://www.flashscore.com/basketball/usa/ncaa/,East. Washington vs Idaho,68-81,Finalizado,https://www.flashscore.com/match/basketball/east-washington-OYXEKPMD/idaho-vandals-4Ml9RnRq/?mid=rsfAvRm1,
USA,NCAA,https://www.flashscore.com/basketball/usa/ncaa/,La Salle vs St. Bonaventure,VS,FRO,https://www.flashscore.com/match/basketball/la-salle-0E5KrsP7/st-bonaventure-YHlsT4o1/?mid=WQEybYw8,15:30
USA,NCAA,https://www.flashscore.com/basketball/usa/ncaa/,Iowa vs Maryland,VS,FRO,https://www.flashscore.com/match/basketball/iowa-hawkeyes-0jaJnnmS/maryland-terrapins-dSipLfpt/?mid=nw7gYbIq,16:00
USA,NCAA,https://www.flashscore.com/basketball/usa/ncaa/,NC State vs Pittsburgh,VS,FRO,https://www.flashscore.com/match/basketball/nc-state-0SQTUF8S/pittsburgh-panthers-QismaKZH/?mid=SljvV42L,16:00
USA,NCAA,https://www.flashscore.com/basketball/usa/ncaa/,Iowa State vs Arizona State,VS,FRO,https://www.flashscore.com/match/basketball/arizona-state-lSP2WtAR/iowa-state-IVoor6eq/?mid=xOyAPrQr,16:30
USA,NCAA,https://www.flashscore.com/basketball/usa/ncaa/,Kentucky vs LSU,VS,FRO,https://www.flashscore.com/match/basketball/kentucky-wildcats-hl2Cp3fe/lsu-2imt3Zaa/?mid=00gL5pcE,16:30
USA,NCAA,https://www.flashscore.com/basketball/usa/ncaa/,Bethune-Cookman vs Prairie View A&M,VS,FRO,https://www.flashscore.com/match/basketball/bethune-cookman-nqu9VX8g/prairie-view-a-m-2czAIszt/?mid=pluINMfe,18:00
USA,NCAA,https://www.flashscore.com/basketball/usa/ncaa/,Richmond Spiders vs Loyola Chicago,VS,FRO,https://www.flashscore.com/match/basketball/loyola-chicago-x0O7pH8A/richmond-spiders-ddTmek3d/?mid=YDiT3ORQ,18:00
USA,NCAA,https://www.flashscore.com/basketball/usa/ncaa/,Louisville vs SMU Mustangs,VS,FRO,https://www.flashscore.com/match/basketball/louisville-ruxvM3oE/smu-mustangs-KCmNER1e/?mid=Kj51Wxmd,18:30
USA,NCAA,https://www.flashscore.com/basketball/usa/ncaa/,Washington vs USC,VS,FRO,https://www.flashscore.com/match/basketball/usc-trojans-OOnasIwj/washington-huskies-h8xTalqf/?mid=r7RaOp5e,18:30
USA,NCAA,https://www.flashscore.com/basketball/usa/ncaa/,Auburn vs Mississippi St.,VS,FRO,https://www.flashscore.com/match/basketball/auburn-tigers-zDRFPIH7/mississippi-st-4floW9rH/?mid=rmwab2kl,19:00
USA,NCAA,https://www.flashscore.com/basketball/usa/ncaa/,UCF Knights vs Cincinnati,VS,FRO,https://www.flashscore.com/match/basketball/cincinnati-bearcats-2kCg59Mo/ucf-knights-0YP2n8iB/?mid=nccmftu3,19:00
USA,NCAA,https://www.flashscore.com/basketball/usa/ncaa/,UNLV vs Wyoming,VS,FRO,https://www.flashscore.com/match/basketball/unlv-t0cfrbOq/wyoming-UmE8W6Sn/?mid=YT5Lna4d,19:00
USA,NCAA,https://www.flashscore.com/basketball/usa/ncaa/,Butler vs Providence,VS,FRO,https://www.flashscore.com/match/basketball/butler-bulldogs-dx7VYAha/providence-friars-GANrHuKb/?mid=jDt7dtK0,20:00
USA,NCAA,https://www.flashscore.com/basketball/usa/ncaa/,Stephen F. Austin vs McNeese State,VS,FRO,https://www.flashscore.com/match/basketball/mcneese-state-UujhJYEh/stephen-f-austin-be6Ep40f/?mid=O0q4Q8FL,21:00
USA,NCAA,https://www.flashscore.com/basketball/usa/ncaa/,Nevada vs Air Force,VS,FRO,https://www.flashscore.com/match/basketball/air-force-ET5VIqBF/nevada-wolf-pack-6aY3Yf8F/?mid=OQvFfKlD,21:30
USA,NCAA,https://www.flashscore.com/basketball/usa/ncaa/,Morgan State vs Delaware State,VS,FRO,https://www.flashscore.com/match/basketball/delaware-state-0IkdMwC8/morgan-state-lzGrXc93/?mid=OUfbOXy3,22:00
USA,NCAA,https://www.flashscore.com/basketball/usa/ncaa/,Indiana vs Northwestern,VS,FRO,https://www.flashscore.com/match/basketball/indiana-hoosiers-rLmxll39/northwestern-wildcats-IXvjioTP/?mid=fqzzLnwq,22:30
USA,NCAA,https://www.flashscore.com/basketball/usa/ncaa/,Liberty vs Missouri State,VS,FRO,https://www.flashscore.com/match/basketball/liberty-Wn5q6OoR/missouri-state-Q9xfUmDT/?mid=hf0ehK9F,22:30
USA,NCAA,https://www.flashscore.com/basketball/usa/ncaa/,Marquette vs Xavier,VS,FRO,https://www.flashscore.com/match/basketball/marquette-zk35aiaO/xavier-musketeers-tOHCVQsg/?mid=jXW0INtK,22:30
USA,NCAA,https://www.flashscore.com/basketball/usa/ncaa/,Florida State vs California,VS,FRO,https://www.flashscore.com/match/basketball/california-golden-bears-S6MfVSiO/florida-state-I77qIKbg/?mid=vBzvBuZg,23:00
USA,NCAA,https://www.flashscore.com/basketball/usa/ncaa/,Lehigh vs Boston University,VS,FRO,https://www.flashscore.com/match/basketball/boston-university-fLGzHk8I/lehigh-mountain-hawks-hd6u74WK/?mid=rRHgpSRE,23:00
USA,NCAA,https://www.flashscore.com/basketball/usa/ncaa/,Memphis vs Tulane,VS,FRO,https://www.flashscore.com/match/basketball/memphis-tigers-hbLCGWbB/tulane-green-wave-f1A2rLoT/?mid=jXU7MOZ7,23:00
USA,NCAA,https://www.flashscore.com/basketball/usa/ncaa/,Texas vs Ole Miss,VS,FRO,https://www.flashscore.com/match/basketball/ole-miss-rebels-nZLYWkTA/texas-longhorns-fNFwVNnH/?mid=6cxWC14s,23:00
USA,NCAA,https://www.flashscore.com/basketball/usa/ncaa/,West Virginia vs Brigham Young,VS,FRO,https://www.flashscore.com/match/basketball/brigham-young-2eynXq1F/west-virginia-MiQ1bnTC/?mid=OtNSZBgl,23:00
ARGENTINA,Liga A,https://www.flashscore.com/basketball/argentina/liga-a/,Union De Santa Fe vs La Union,94-99,Finalizado,https://www.flashscore.com/match/basketball/la-union-tE0LgyO6/union-de-santa-fe-zTlnXp6H/?mid=ILCuU9u3,
ARGENTINA,Liga A,https://www.flashscore.com/basketball/argentina/liga-a/,Ferro vs Racing de Chivilcoy,80-81,Finalizado,https://www.flashscore.com/match/basketball/ferro-carril-oeste-2qroXLyp/racing-de-chivilcoy-U9SgFDqR/?mid=hSh166md,
AUSTRALIA,NBL - Play Offs,https://www.flashscore.com/basketball/australia/nbl/,Sydney vs Perth,2-4,Q12,https://www.flashscore.com/match/basketball/perth-wildcats-6kwWLHl6/sydney-kings-j5mhp12F/?mid=jD0rhjqf,
AUSTRIA,Superliga - Winners stage,https://www.flashscore.com/basketball/austria/superliga/,Vienna Basket vs Kapfenberg Bulls,VS,Finalizado,https://www.flashscore.com/match/basketball/kapfenberg-bulls-voY5D8E8/vienna-basket-pG2944ye/?mid=SpA0HCFc,18:00
AUSTRIA,Zweite Liga,https://www.flashscore.com/basketball/austria/zweite-liga/,Raiders Tirol vs Kufstein,VS,Finalizado,https://www.flashscore.com/match/basketball/kufstein-banWJuYD/raiders-tirol-CSU33yWj/?mid=EXwk958O,18:00
BELARUS,Premier League Women - Losers stage,https://www.flashscore.com/basketball/belarus/premier-league-women/,Horizont Minsk 2 W vs Gomel W,VS,Finalizado,https://www.flashscore.com/match/basketball/gomel-C4KbOhGT/horizont-minsk-lUXpsgio/?mid=pAHZm3ak,11:00
BOSNIA AND HERZEGOVINA,Prvenstvo BiH,https://www.flashscore.com/basketball/bosnia-and-herzegovina/prvenstvo-bih/,Zrinjski Mostar vs Jahorina,VS,Finalizado,https://www.flashscore.com/match/basketball/jahorina-jVUJYNwC/zrinjski-mostar-CKXQwpFC/?mid=QTEqMCZQ,15:00
BRAZIL,NBB,https://www.flashscore.com/basketball/brazil/nbb/,Caxias do Sul vs Vasco,VS,Finalizado,https://www.flashscore.com/match/basketball/caxias-do-sul-2Rx5IG9O/vasco-da-gama-8fGWaGa5/?mid=231QHrHq,22:30
BRAZIL,NBB,https://www.flashscore.com/basketball/brazil/nbb/,Cearense vs Brasilia,VS,Finalizado,https://www.flashscore.com/match/basketball/brasilia-23ofxpkB/cearense-nercQR5s/?mid=ldsLwQw3,22:30
BRAZIL,NBB,https://www.flashscore.com/basketball/brazil/nbb/,Sao Jose vs Bauru,VS,Finalizado,https://www.flashscore.com/match/basketball/bauru-hQH5u8zt/sao-jose-jBz9vSkn/?mid=d2fZFMod,22:30
CANADA,Super League,https://www.flashscore.com/basketball/canada/super-league/,Lake Erie Jackals vs KW Titans,VS,Finalizado,https://www.flashscore.com/match/basketball/kw-titans-z7mOQAtb/lake-erie-jackals-zBlzZzJq/?mid=OdjKYJME,15:00
CHINA,CBA,https://www.flashscore.com/basketball/china/cba/,Beijing vs Sichuan,VS,Finalizado,https://www.flashscore.com/match/basketball/beijing-ducks-SAw2AC7g/sichuan-WMluXVnb/?mid=QiyEItTb,11:35
CHINA,CBA,https://www.flashscore.com/basketball/china/cba/,Shandong vs Jiangsu Dragons,VS,Finalizado,https://www.flashscore.com/match/basketball/jiangsu-dragons-hUr7JmyI/shandong-Iq4M7AiC/?mid=AHvwHTif,11:35
CHINA,CBA,https://www.flashscore.com/basketball/china/cba/,Shanghai vs Beijing Royal Fighters,VS,Finalizado,https://www.flashscore.com/match/basketball/beijing-royal-fighters-n3S3Qcb1/shanghai-bRoFHR5U/?mid=WWSoF7M6,11:35
CHINA,CBA,https://www.flashscore.com/basketball/china/cba/,Shanxi Zhongyu vs Jilin,VS,Finalizado,https://www.flashscore.com/match/basketball/jilin-nirBI7jO/shanxi-zhongyu-KWSsNVyg/?mid=vcWgDoiJ,11:35
CHINA,CBA,https://www.flashscore.com/basketball/china/cba/,Shenzhen vs Liaoning,VS,Finalizado,https://www.flashscore.com/match/basketball/liaoning-vahV5lMO/shenzhen-Ewp3KTLB/?mid=hvw6K2bn,11:35
CHINA,CBA,https://www.flashscore.com/basketball/china/cba/,Tianjin vs Zhejiang Chouzhou,VS,Finalizado,https://www.flashscore.com/match/basketball/tianjin-O4ZYOi7t/zhejiang-chouzhou-6TOwOBMn/?mid=W46EGKcB,11:35
CHINA,CBA,https://www.flashscore.com/basketball/china/cba/,Zhejiang Guangsha vs Nanjing Tongxi,VS,Finalizado,https://www.flashscore.com/match/basketball/nanjing-tongxi-A3YqyBab/zhejiang-guangsha-4t0I8jx6/?mid=vV9MEbSN,11:35
CHINA,CBA,https://www.flashscore.com/basketball/china/cba/,Xinjiang vs Guangdong,VS,Finalizado,https://www.flashscore.com/match/basketball/guangdong-AJ0E9WMa/xinjiang-d2kbL965/?mid=O2og9xjo,12:00
CROATIA,Premijer Liga Women,https://www.flashscore.com/basketball/croatia/premijer-liga-women/,Brod na Savi W vs FSV Rijeka W,VS,Finalizado,https://www.flashscore.com/match/basketball/brod-na-savi-thf1vIL9/fsv-rijeka-Au6b1Q4s/?mid=vw6JtUYI,18:00
DENMARK,Basketligaen - Losers stage,https://www.flashscore.com/basketball/denmark/basketligaen/,Herlev Wolfpack vs Vaerlose,VS,Finalizado,https://www.flashscore.com/match/basketball/herlev-wolfpack-YeHeFEvc/vaerlose-pWlzWrlL/?mid=0frKF0lo,18:00
DENMARK,Basketligaen - Losers stage,https://www.flashscore.com/basketball/denmark/basketligaen/,Holbaek-Stenhus vs Amager,VS,Finalizado,https://www.flashscore.com/match/basketball/amager-4QAXQtRl/holbaek-stenhus-p0qdP15a/?mid=M5AAaxuS,18:00
DENMARK,Basketligaen - Losers stage,https://www.flashscore.com/basketball/denmark/basketligaen/,Vejen vs Bears Academy,VS,Finalizado,https://www.flashscore.com/match/basketball/bears-academy-h24HWqDP/vejen-th6Ifvpo/?mid=bo4lhfX1,18:30
EUROPE,FIBA Europe Cup - Play Offs,https://www.flashscore.com/basketball/europe/fiba-europe-cup/,PAOK vs Peristeri,VS,Finalizado,https://www.flashscore.com/match/basketball/paok-4UTqgXPe/peristeri-Q96Izpwc/?mid=8tcypfjA,16:00
EUROPE,FIBA Europe Cup - Play Offs,https://www.flashscore.com/basketball/europe/fiba-europe-cup/,Szombathely vs KK Bosna,VS,Finalizado,https://www.flashscore.com/match/basketball/kk-bosna-fDSNcFi7/szombathely-UJluM9H6/?mid=8M6sOCTj,17:00
EUROPE,FIBA Europe Cup - Play Offs,https://www.flashscore.com/basketball/europe/fiba-europe-cup/,Petkim Spor vs Bilbao,VS,Finalizado,https://www.flashscore.com/match/basketball/bilbao-GWZ15Sne/petkim-spor-bP2InIvD/?mid=QunFxCrp,17:15
EUROPE,FIBA Europe Cup - Play Offs,https://www.flashscore.com/basketball/europe/fiba-europe-cup/,Reggiana vs Murcia,VS,Finalizado,https://www.flashscore.com/match/basketball/murcia-Sju1Skf8/reggiana-4IvWGyfG/?mid=U9t2rsF5,19:00
EUROPE,ENBL - Play Offs,https://www.flashscore.com/basketball/europe/enbl/,Iraklis vs Tal Tech,VS,Finalizado,https://www.flashscore.com/match/basketball/iraklis-SGslKQ8c/tal-tech-Me5d59z8/?mid=xYl2a4hc,17:45
EUROPE,ENBL - Play Offs,https://www.flashscore.com/basketball/europe/enbl/,Syntainics MBC vs Olomoucko,VS,Finalizado,https://www.flashscore.com/match/basketball/bk-olomoucko-fXnv6Lwb/syntainics-mbc-Ue0Tyv7T/?mid=fBzjAL6F,18:30
EUROPE,ENBL - Play Offs,https://www.flashscore.com/basketball/europe/enbl/,Tindastoll vs Rigas Zelli,VS,Finalizado,https://www.flashscore.com/match/basketball/rigas-zelli-bkm7qMiE/tindastoll-j7Xzy2jC/?mid=McxrCsx3,19:15
EUROPE,Latvian-Estonian League,https://www.flashscore.com/basketball/europe/latvian-estonian-league/,Parnu vs Viimsi,VS,Finalizado,https://www.flashscore.com/match/basketball/parnu-v5G09E7C/viimsi-ShzFXmZs/?mid=YqNjmMqL,17:00
EUROPE,Latvian-Estonian League,https://www.flashscore.com/basketball/europe/latvian-estonian-league/,Keila Coolbet vs Keila KK,VS,Finalizado,https://www.flashscore.com/match/basketball/keila-coolbet-tfEDLM7J/keila-kk-AJP3NLKh/?mid=MRINgOZP,17:30
EUROPE,EuroBasket Women - Qualification - First stage,https://www.flashscore.com/basketball/europe/eurobasket-women/,Israel W vs Bosnia & Herzegovina W,VS,Finalizado,https://www.flashscore.com/match/basketball/bosnia-herzegovina-KKuotlmi/israel-zqE9gMVD/?mid=0je5U0qh,13:30
EUROPE,EuroBasket Women - Qualification - First stage,https://www.flashscore.com/basketball/europe/eurobasket-women/,Poland W vs Slovakia W,VS,Finalizado,https://www.flashscore.com/match/basketball/poland-IsI5Tuf1/slovakia-IN1JUxgD/?mid=nPKZYegR,16:30
EUROPE,EuroBasket Women - Qualification - First stage,https://www.flashscore.com/basketball/europe/eurobasket-women/,Bulgaria W vs Azerbaijan W,VS,Finalizado,https://www.flashscore.com/match/basketball/azerbaijan-MgnMSAZk/bulgaria-W8zL79YA/?mid=hnHnkT0M,17:00
EUROPE,EuroBasket Women - Qualification - First stage,https://www.flashscore.com/basketball/europe/eurobasket-women/,Latvia W vs Slovenia W,VS,Finalizado,https://www.flashscore.com/match/basketball/latvia-lEA1xsWQ/slovenia-EBzrP384/?mid=vLUGMR34,17:00
EUROPE,EuroBasket Women - Qualification - First stage,https://www.flashscore.com/basketball/europe/eurobasket-women/,Norway W vs Austria W,VS,Finalizado,https://www.flashscore.com/match/basketball/austria-8EXZQPwh/norway-8Ynmc8x0/?mid=WhtTxaBa,17:00
EUROPE,EuroBasket Women - Qualification - First stage,https://www.flashscore.com/basketball/europe/eurobasket-women/,Romania W vs Cyprus W,VS,Finalizado,https://www.flashscore.com/match/basketball/cyprus-feYo8IjN/romania-MRGGPUIi/?mid=6916TZGl,17:00
EUROPE,EuroBasket Women - Qualification - First stage,https://www.flashscore.com/basketball/europe/eurobasket-women/,Serbia W vs Iceland W,VS,Finalizado,https://www.flashscore.com/match/basketball/iceland-zmUR9pv5/serbia-2c8kuqn8/?mid=SQC4CSN6,17:00
EUROPE,EuroBasket Women - Qualification - First stage,https://www.flashscore.com/basketball/europe/eurobasket-women/,Ukraine W vs Montenegro W,VS,Finalizado,https://www.flashscore.com/match/basketball/montenegro-dzQnONNA/ukraine-EXPP6TmH/?mid=WWSwikW9,17:00
EUROPE,EuroBasket Women - Qualification - First stage,https://www.flashscore.com/basketball/europe/eurobasket-women/,Denmark W vs North Macedonia W,VS,Finalizado,https://www.flashscore.com/match/basketball/denmark-UNYVR5Oo/north-macedonia-MsFXOmA4/?mid=2eJRAqNr,17:30
EUROPE,EuroBasket Women - Qualification - First stage,https://www.flashscore.com/basketball/europe/eurobasket-women/,Croatia W vs Greece W,VS,Finalizado,https://www.flashscore.com/match/basketball/croatia-ALQIAV3b/greece-dYG9Sa97/?mid=KzG2G5aL,18:00
EUROPE,EuroBasket Women - Qualification - First stage,https://www.flashscore.com/basketball/europe/eurobasket-women/,Luxembourg W vs Ireland W,VS,Finalizado,https://www.flashscore.com/match/basketball/ireland-0Ktq8O8H/luxembourg-jJOFOJ1s/?mid=M5qESvE4,18:00
EUROPE,EuroBasket Women - Qualification - First stage,https://www.flashscore.com/basketball/europe/eurobasket-women/,Switzerland W vs Great Britain W,VS,Finalizado,https://www.flashscore.com/match/basketball/great-britain-fuFON8m4/switzerland-8ppi62wU/?mid=zRnKvLtm,18:00
EUROPE,EuroBasket Women - Qualification - First stage,https://www.flashscore.com/basketball/europe/eurobasket-women/,Netherlands W vs Estonia W,VS,Finalizado,https://www.flashscore.com/match/basketball/estonia-2yXwQqgb/netherlands-Ieiv94gB/?mid=0zJPK5YG,18:30
FINLAND,Korisliiga - Winners stage,https://www.flashscore.com/basketball/finland/korisliiga/,Honka vs Salon Vilpas,VS,Finalizado,https://www.flashscore.com/match/basketball/honka-hUmLPBrt/salon-vilpas-pGKYY0dJ/?mid=lbOxGQAO,16:30
FINLAND,Korisliiga Women,https://www.flashscore.com/basketball/finland/korisliiga-women/,BC Nokia W vs Kouvottaret W,VS,Finalizado,https://www.flashscore.com/match/basketball/bc-nokia-AZFruTdR/kouvottaret-QubduVWF/?mid=dGcFfiID,16:30
FINLAND,Korisliiga Women,https://www.flashscore.com/basketball/finland/korisliiga-women/,HBA-Marsky Helsinki W vs Tapiolan Honka W,VS,Finalizado,https://www.flashscore.com/match/basketball/hba-marsky-helsinki-6gUWkVpi/tapiolan-honka-KYTU1b54/?mid=EiSa23yK,16:30
FINLAND,Korisliiga Women,https://www.flashscore.com/basketball/finland/korisliiga-women/,Pyrinto W vs Espoo Team W,VS,Finalizado,https://www.flashscore.com/match/basketball/espoo-team-nFzBoxo7/pyrinto-bXU0sWvk/?mid=UPTWfLTg,16:30
FINLAND,Korisliiga Women,https://www.flashscore.com/basketball/finland/korisliiga-women/,Torpan Pojat Helsinki W vs PeKa W,VS,Finalizado,https://www.flashscore.com/match/basketball/kotka-peli-karhut-trVQ2vjb/torpan-pojat-helsinki-v3Wcgx7k/?mid=ANDVdsas,16:30
FRANCE,Espoirs U21,https://www.flashscore.com/basketball/france/espoirs-u21/,Boulazac U21 vs Lyon-Villeurbanne U21,VS,Finalizado,https://www.flashscore.com/match/basketball/boulazac-8njuzafi/lyon-villeurbanne-zmoDzuyD/?mid=h4rS5fMj,14:00
FRANCE,Espoirs U21,https://www.flashscore.com/basketball/france/espoirs-u21/,Chalon/Saone U21 vs Le Mans U21,VS,Finalizado,https://www.flashscore.com/match/basketball/chalon-saone-SnciXdvA/le-mans-h854wU5m/?mid=jR67OpGd,16:00
FRANCE,Espoirs U21,https://www.flashscore.com/basketball/france/espoirs-u21/,Dijon U21 vs Saint Quentin U21,VS,Finalizado,https://www.flashscore.com/match/basketball/dijon-6X8rZI9c/saint-quentin-M1NVC51s/?mid=dYddBGbT,16:00
GEORGIA,Superleague,https://www.flashscore.com/basketball/georgia/superleague/,VSA vs CIU,VS,Finalizado,https://www.flashscore.com/match/basketball/ciu-hrAFDdvU/vsa-KtgUaoj4/?mid=G2m632B7,10:00
GEORGIA,Superleague,https://www.flashscore.com/basketball/georgia/superleague/,Margveti vs Batumi,VS,Finalizado,https://www.flashscore.com/match/basketball/batumi-UNV0R7ok/margveti-tbilisi-xIVwnhbD/?mid=WAVhR53E,12:30
GEORGIA,Superleague,https://www.flashscore.com/basketball/georgia/superleague/,Rustavi vs Rashi,VS,Finalizado,https://www.flashscore.com/match/basketball/rashi-S8Dldtwg/rustavi-IZ52l9L8/?mid=xAcQ8cmm,15:30
GERMANY,Pro A,https://www.flashscore.com/basketball/germany/pro-a/,Crailsheim Merlins vs Koblenz,VS,Finalizado,https://www.flashscore.com/match/basketball/crailsheim-merlins-GdebcoZS/koblenz-OhlJx2Cs/?mid=fonX0Tq2,18:00
INDONESIA,IBL,https://www.flashscore.com/basketball/indonesia/ibl/,Pelita Jaya vs Rajawali Medan,VS,Finalizado,https://www.flashscore.com/match/basketball/pelita-jaya-hjC2gcCJ/rajawali-medan-tSBxvSfe/?mid=hx0QlMCc,12:30
INDONESIA,IBL,https://www.flashscore.com/basketball/indonesia/ibl/,Tangerang Hawks vs Pacific Caesar Surabaya,VS,Finalizado,https://www.flashscore.com/match/basketball/pacific-caesar-surabaya-2yCJ6vJ6/tangerang-hawks-KG99pUHR/?mid=l4gZn0sA,13:00
IRELAND,SuperLeague,https://www.flashscore.com/basketball/ireland/superleague/,Tralee Warriors vs KCYMS,VS,FRO,https://www.flashscore.com/match/basketball/kcyms-OQYnlXtN/tralee-warriors-AN6EGmID/?mid=rJKN0fzo,20:00
ITALY,Serie A2,https://www.flashscore.com/basketball/italy/serie-a2/,Fortitudo Bologna vs Cento,VS,Finalizado,https://www.flashscore.com/match/basketball/fortitudo-bologna-lQBKDgtj/tramec-cento-2smXlHO8/?mid=bmfW4ZFt,19:30
JAPAN,B.League,https://www.flashscore.com/basketball/japan/b-league/,Alvark vs Altiri Chiba,VS,Finalizado,https://www.flashscore.com/match/basketball/altiri-chiba-2VaVmkFP/alvark-tokyo-4r8WC00A/?mid=ARiXLXO6,10:05
JAPAN,B.League,https://www.flashscore.com/basketball/japan/b-league/,Brave Thunders vs Gunma,VS,Finalizado,https://www.flashscore.com/match/basketball/brave-thunders-21lDfhpq/gunma-zw2dV8TH/?mid=IieuKBgJ,10:05
JAPAN,B.League,https://www.flashscore.com/basketball/japan/b-league/,Chiba vs Akita,VS,Finalizado,https://www.flashscore.com/match/basketball/akita-n3eKo3Id/chiba-rZwH8JWL/?mid=lC3ONgff,10:05
JAPAN,B.League,https://www.flashscore.com/basketball/japan/b-league/,Diamond Dolphins vs Nagoya Fighting Eagles,VS,Finalizado,https://www.flashscore.com/match/basketball/nagoya-dolphins-M3zqCKFG/nagoya-fighting-eagles-xStJXOEa/?mid=YawSsFoQ,10:05
JAPAN,B.League,https://www.flashscore.com/basketball/japan/b-league/,Hiroshima D. vs Yokohama,VS,Finalizado,https://www.flashscore.com/match/basketball/hiroshima-dragonflies-O2zklv01/yokohama-MJk8Au29/?mid=IDWFWlwP,10:05
JAPAN,B.League,https://www.flashscore.com/basketball/japan/b-league/,Hokkaido vs Sun Rockers Shibuya,VS,Finalizado,https://www.flashscore.com/match/basketball/hokkaido-AL8SDto4/sun-rockers-shibuya-zaKcE2Gi/?mid=pQHb7Y9D,10:05
JAPAN,B.League,https://www.flashscore.com/basketball/japan/b-league/,Koshigaya Alphas vs Toyama,VS,Finalizado,https://www.flashscore.com/match/basketball/koshigaya-alphas-UXm0eDo1/toyama-W8Asj3JA/?mid=d4oHPFPs,10:05
JAPAN,B.League,https://www.flashscore.com/basketball/japan/b-league/,Kyoto vs Nagasaki,VS,Finalizado,https://www.flashscore.com/match/basketball/kyoto-IwjEPzpA/nagasaki-OnJVHUCs/?mid=lYvazXw0,10:05
JAPAN,B.League,https://www.flashscore.com/basketball/japan/b-league/,Saga vs NeoPhoenix,VS,Finalizado,https://www.flashscore.com/match/basketball/neophoenix-0xWNl13T/saga-ballooners-pvq1BzRr/?mid=8xCPjhOt,10:05
JAPAN,B.League,https://www.flashscore.com/basketball/japan/b-league/,Shiga vs Sendai,VS,Finalizado,https://www.flashscore.com/match/basketball/sendai-zsHYiPlb/shiga-6J8jpLBp/?mid=UVOcxg9m,10:05
JAPAN,B.League,https://www.flashscore.com/basketball/japan/b-league/,Shimane vs Osaka,VS,Finalizado,https://www.flashscore.com/match/basketball/osaka-IgCfquRj/shimane-QgfOpNX2/?mid=dbr7YA8C,10:05
JAPAN,B.League,https://www.flashscore.com/basketball/japan/b-league/,Utsunomiya Brex vs Ibaraki Robots,VS,Finalizado,https://www.flashscore.com/match/basketball/ibaraki-robots-Wjny0Yyb/utsunomiya-brex-WU9OEMVc/?mid=xK4pVy2K,10:05
JAPAN,B.League,https://www.flashscore.com/basketball/japan/b-league/,Ryukyu vs SeaHorses Mikawa,VS,Finalizado,https://www.flashscore.com/match/basketball/ryukyu-okinawa-lSBJ6MmA/seahorses-mikawa-d8LgFr1o/?mid=2y5YlWhg,10:35
KAZAKHSTAN,Higher League,https://www.flashscore.com/basketball/kazakhstan/higher-league/,Shymkent vs AiRom,96-46,Finalizado,https://www.flashscore.com/match/basketball/airom-ULFG9geL/shymkent-vDKnaqRG/?mid=6PYwW9I6,
KAZAKHSTAN,Higher League,https://www.flashscore.com/basketball/kazakhstan/higher-league/,Aktobe vs ChelSU Kostanay,9-11,Q16,https://www.flashscore.com/match/basketball/aktobe-tMPEVyUC/chelsu-kostanay-6a09oQdH/?mid=bXjoUmmJ,
KAZAKHSTAN,Higher League,https://www.flashscore.com/basketball/kazakhstan/higher-league/,Turan vs Arlans,VS,Finalizado,https://www.flashscore.com/match/basketball/bqo-arlans-hEb8wkgt/turan-0ziJbsFN/?mid=jRwXiiuQ,09:00
KAZAKHSTAN,National League Women,https://www.flashscore.com/basketball/kazakhstan/national-league-women/,Barsy Atyrau W vs Astana W,VS,Finalizado,https://www.flashscore.com/match/basketball/astana-4SnD3BuN/barsy-atyrau-8dWRS2qF/?mid=xM3hyyIG,11:30
LEBANON,Division 1,https://www.flashscore.com/basketball/lebanon/division-1/,Chabeb Batroun vs Al Markazia,---,Postp,https://www.flashscore.com/match/basketball/al-markazia-4Syvl5Yo/chabeb-batroun-tzO79csH/?mid=0xG0iAwQ,
LEBANON,Division 1,https://www.flashscore.com/basketball/lebanon/division-1/,Homenetmen Beirut vs Sagesse Beirut,---,Postp,https://www.flashscore.com/match/basketball/homenetmen-beirut-M9feonTg/sagesse-al-hekmeh-beirut-OxRjlt6O/?mid=WK6Wol1m,
MEXICO,CIBACOPA,https://www.flashscore.com/basketball/mexico/cibacopa/,Halcones de Obregon vs Caballeros de Culiacan,108-82,Finalizado,https://www.flashscore.com/match/basketball/caballeros-de-culiacan-nmvJ3raM/halcones-de-ciudad-obregon-rFTYJEzo/?mid=xbbF8kzp,
MEXICO,CIBACOPA,https://www.flashscore.com/basketball/mexico/cibacopa/,Pioneros de Los Mochis vs Frayles de Guasave,100-79,Finalizado,https://www.flashscore.com/match/basketball/frayles-de-guasave-remVQmln/pioneros-de-los-mochis-EFZFUHVH/?mid=xEEL9BwR,
MONTENEGRO,Prva A Liga,https://www.flashscore.com/basketball/montenegro/prva-a-liga/,Jedinstvo vs Lovcen Cetinje,VS,Finalizado,https://www.flashscore.com/match/basketball/jedinstvo-AgqUWoX7/lovcen-cetinje-8EHfFfiP/?mid=p2RM5bAj,16:00
MONTENEGRO,Prva A Liga,https://www.flashscore.com/basketball/montenegro/prva-a-liga/,Primorje vs Sutjeska,VS,Finalizado,https://www.flashscore.com/match/basketball/primorje-2JOMulNS/sutjeska-Usbm4zb3/?mid=nR7HRuX9,17:00
MONTENEGRO,Prva A Liga,https://www.flashscore.com/basketball/montenegro/prva-a-liga/,Danilovgrad vs Mornar Bar,VS,Finalizado,https://www.flashscore.com/match/basketball/danilovgrad-bgM2k0bI/mornar-bar-0nP2jBEO/?mid=0UkjBKnT,18:00
MONTENEGRO,Prva A Liga,https://www.flashscore.com/basketball/montenegro/prva-a-liga/,Vukovi Zeta vs Ibar Rozaje,VS,Finalizado,https://www.flashscore.com/match/basketball/ibar-rozaje-6qetu26b/zeta-bemxTG1b/?mid=pMk4Iyfd,18:30
NETHERLANDS,WBL Women,https://www.flashscore.com/basketball/netherlands/wbl-women/,Jolly Jumpers W vs QSTA United W,VS,FRO,https://www.flashscore.com/match/basketball/jolly-jumpers-UDykt7qN/qsta-united-xlzQFcyG/?mid=hdMQBuAb,19:30
NORTH MACEDONIA,Super League,https://www.flashscore.com/basketball/north-macedonia/super-league/,Tikvesh vs KK Angeli,VS,Finalizado,https://www.flashscore.com/match/basketball/kk-angeli-GUHj1QSS/tikvesh-Cxm9kw4t/?mid=xKUAV0Gk,16:00
NORTH MACEDONIA,Super League,https://www.flashscore.com/basketball/north-macedonia/super-league/,Gostivar vs Cair 2030,VS,Finalizado,https://www.flashscore.com/match/basketball/cair-2030-xnox9JUe/gostivar-rZPyyNd2/?mid=CxoWxqOF,17:30
NORTH MACEDONIA,Super League,https://www.flashscore.com/basketball/north-macedonia/super-league/,Kozuv vs Feniks 2010,VS,Finalizado,https://www.flashscore.com/match/basketball/feniks-2010-QuPw4SrA/kozuv-v7QIgwqS/?mid=vPnOv5g3,18:00
NORTH MACEDONIA,Super League,https://www.flashscore.com/basketball/north-macedonia/super-league/,Pelister vs MKK Kumanovo,VS,Finalizado,https://www.flashscore.com/match/basketball/mkk-kumanovo-dC9L85JF/pelister-KtnmhKJj/?mid=bZIJTvo2,18:00
NORTH MACEDONIA,Super League,https://www.flashscore.com/basketball/north-macedonia/super-league/,Rabotnicki vs KK Madzari,VS,Finalizado,https://www.flashscore.com/match/basketball/kk-madzari-hbk8sA1e/rabotnicki-zDPu75ZD/?mid=84vuyNhS,18:00
PHILIPPINES,PBA Commissioner's Cup,https://www.flashscore.com/basketball/philippines/pba-commissioner-s-cup/,Titan Ultra Giant Risers vs Terrafirma Dyip,VS,Finalizado,https://www.flashscore.com/match/basketball/terrafirma-dyip-GKFFbyCm/titan-ultra-giant-risers-UyKEPxwH/?mid=lpI8R8ng,09:15
PHILIPPINES,PBA Commissioner's Cup,https://www.flashscore.com/basketball/philippines/pba-commissioner-s-cup/,Macau Black Bears vs Converge FiberXers,VS,Finalizado,https://www.flashscore.com/match/basketball/converge-fiberxers-djlWMuSp/macau-black-bears-CSvLom7L/?mid=z1GGPnH5,11:30
POLAND,1. Liga,https://www.flashscore.com/basketball/poland/1-liga/,R. Rzeszow vs WKK Wroclaw,VS,Finalizado,https://www.flashscore.com/match/basketball/r-rzeszow-fT6gRfTk/wkk-wroclaw-v1ZXofL4/?mid=29jGBiM8,18:00
ROMANIA,Divizia A,https://www.flashscore.com/basketball/romania/divizia-a/,Valcea vs SCM Craiova,VS,Finalizado,https://www.flashscore.com/match/basketball/scm-craiova-WvPNNobr/valcea-CCsOgBn9/?mid=IRXcOiv0,15:15
RUSSIA,VTB United League,https://www.flashscore.com/basketball/russia/vtb-united-league/,Samara vs Saratov,VS,Finalizado,https://www.flashscore.com/match/basketball/bc-samara-rHUu4lMa/saratov-8b8BmLgQ/?mid=4KTLunfn,15:00
RUSSIA,WINLINE Basket Cup,https://www.flashscore.com/basketball/russia/winline-basket-cup/,CSKA Moscow vs Lokomotiv Kuban,VS,Finalizado,https://www.flashscore.com/match/basketball/cska-moscow-0Iloy9Ie/lokomotiv-kuban-Ea3oNjfe/?mid=tWT9CSRP,17:00
SLOVAKIA,Extraliga,https://www.flashscore.com/basketball/slovakia/extraliga/,BC Komarno vs Levice,VS,Finalizado,https://www.flashscore.com/match/basketball/bc-komarno-ED9FB1mc/levice-Ua8Kmbej/?mid=S4eR70dK,17:00
SLOVAKIA,Extraliga,https://www.flashscore.com/basketball/slovakia/extraliga/,BC Prievidza vs BKM Lucenec,VS,Finalizado,https://www.flashscore.com/match/basketball/bc-prievidza-0Awz50IM/bkm-lucenec-pnbXCK3a/?mid=bmnc2vKs,17:00
SLOVAKIA,Extraliga,https://www.flashscore.com/basketball/slovakia/extraliga/,Iskra Svit vs Kosice Wolves,VS,Finalizado,https://www.flashscore.com/match/basketball/bk-iskra-svit-zDoETLRJ/kosice-wolves-G8nGeVIj/?mid=2oSMdzlJ,17:00
SLOVAKIA,Extraliga,https://www.flashscore.com/basketball/slovakia/extraliga/,MBK Handlova vs Spisski Rytieri,VS,Finalizado,https://www.flashscore.com/match/basketball/mbk-handlova-0UBR8aXF/spisski-rytieri-8j7OnIAd/?mid=6JYDbdJ6,17:00
SOUTH KOREA,KBL,https://www.flashscore.com/basketball/south-korea/kbl/,LG Sakers vs Goyang Sono,VS,Finalizado,https://www.flashscore.com/match/basketball/goyang-sono-lYbp8g27/lg-sakers-fBat9Zn1/?mid=M9H6MI5l,10:00
SPAIN,Primera FEB,https://www.flashscore.com/basketball/spain/primera-feb/,Fibwi Palma vs Alicante,VS,Finalizado,https://www.flashscore.com/match/basketball/alicante-pdlCd17i/fibwi-palma-ClUIP7DK/?mid=vkzIBTpf,19:00
SPAIN,Primera FEB,https://www.flashscore.com/basketball/spain/primera-feb/,Gipuzkoa vs Fuenlabrada,VS,Finalizado,https://www.flashscore.com/match/basketball/fuenlabrada-E1z0hlIr/gipuzkoa-basket-hplTB4dc/?mid=pA5jQSam,19:00
SPAIN,Primera FEB,https://www.flashscore.com/basketball/spain/primera-feb/,Tizona Burgos vs Palencia,VS,Finalizado,https://www.flashscore.com/match/basketball/palencia-hMgAw6Je/tizona-burgos-4GDgh3I7/?mid=YVyY7opJ,19:00
SPAIN,Primera FEB,https://www.flashscore.com/basketball/spain/primera-feb/,Hestia Menorca vs Palmer Basket,VS,Finalizado,https://www.flashscore.com/match/basketball/hestia-menorca-dYSCglLn/palmer-basket-UyE2IEtF/?mid=04OQ97F6,19:30
SPAIN,Primera FEB,https://www.flashscore.com/basketball/spain/primera-feb/,Melilla vs Oviedo,VS,Finalizado,https://www.flashscore.com/match/basketball/melilla-Ac45vn4k/oviedo-6R0W8Mn7/?mid=8ljGKOTO,19:30
SPAIN,Primera FEB,https://www.flashscore.com/basketball/spain/primera-feb/,Ourense vs Leyma Coruna,VS,Finalizado,https://www.flashscore.com/match/basketball/leyma-coruna-KMpoB4mr/ourense-2u5Q29B2/?mid=txaaO6Ua,20:00
SWITZERLAND,SB League,https://www.flashscore.com/basketball/switzerland/sb-league/,BBC Monthey vs Fribourg Olympic,VS,Finalizado,https://www.flashscore.com/match/basketball/bbc-monthey-jm4u2yud/fribourg-olympic-Uc7owLLQ/?mid=CligrlkL,18:30
SWITZERLAND,SB League,https://www.flashscore.com/basketball/switzerland/sb-league/,SAM Massagno vs Regio Basel,VS,Finalizado,https://www.flashscore.com/match/basketball/regio-basel-vcEaQbn9/sam-massagno-UZ476lG0/?mid=IkbppAK8,18:30
SWITZERLAND,SB League,https://www.flashscore.com/basketball/switzerland/sb-league/,Sdent BBC Nyon vs Neuchatel,VS,Finalizado,https://www.flashscore.com/match/basketball/neuchatel-UoY0AJ96/sdent-bbc-nyon-Uw3q1ef2/?mid=jq6bM6S1,18:30
TAIWAN,TPBL,https://www.flashscore.com/basketball/taiwan/tpbl/,Hsinchu Jko Lioneers vs Taipei Taishin Mars,VS,Finalizado,https://www.flashscore.com/match/basketball/hsinchu-jko-lioneers-bmCgS30e/taipei-taishin-mars-jJ8R4BHB/?mid=MJzjMJZp,11:00
TAIWAN,SBL,https://www.flashscore.com/basketball/taiwan/sbl/,Bank of Taiwan vs Changhua,VS,Finalizado,https://www.flashscore.com/match/basketball/bank-of-taiwan-WUMESxHs/changhua-IZo09wp2/?mid=pnFua5iT,09:00
TAIWAN,SBL,https://www.flashscore.com/basketball/taiwan/sbl/,Taiwan Beer vs Yulon Luxgen Dinos,VS,Finalizado,https://www.flashscore.com/match/basketball/taiwan-beer-QiMIRdWm/yulon-luxgen-dinos-nmOO0XhM/?mid=GU5BgqFj,11:00
TAIWAN,WSBL Women,https://www.flashscore.com/basketball/taiwan/wsbl-women/,Taiyuan W vs Taipower W,71-54,Finalizado,https://www.flashscore.com/match/basketball/taipower-z3utoQ0P/taiyuan-IsTkMtOO/?mid=jNxo2A2n,
TAIWAN,WSBL Women,https://www.flashscore.com/basketball/taiwan/wsbl-women/,Cathay Life W vs Chunghua Telecom W,60-52,Q49,https://www.flashscore.com/match/basketball/cathay-life-x2EevSsN/chunghua-telecom-xCR7tp9t/?mid=nkWg0lXb,
UNITED KINGDOM,SLB,https://www.flashscore.com/basketball/united-kingdom/slb/,London Lions vs Surrey 89ers,VS,Finalizado,https://www.flashscore.com/match/basketball/london-lions-2L6k5Rg4/surrey-89ers-YPUfUVB7/?mid=Q5DGLzkf,19:30
URUGUAY,Liga Uruguaya - Losers stage,https://www.flashscore.com/basketball/uruguay/liga-uruguaya/,Urunday vs Bigua,79-84,Finalizado,https://www.flashscore.com/match/basketball/bigua-I5to0CHQ/urunday-universitario-MkEWYgbb/?mid=C6FsQfJr,
USA,NBA G League,https://www.flashscore.com/basketball/usa/nba-g-league/,Rio Grande Valley Vipers vs Austin Toros Spurs,86-94,Finalizado,https://www.flashscore.com/match/basketball/austin-toros-spurs-tnTE5jvM/rio-grande-valley-vipers-jR9ya5Su/?mid=CUvbsKj3,
USA,NBA G League,https://www.flashscore.com/basketball/usa/nba-g-league/,Windy City Bulls vs College Park Skyhawks,126-127,AOT,https://www.flashscore.com/match/basketball/college-park-skyhawks-WdgNyx3q/windy-city-bulls-4KbAAUkh/?mid=8dY6ubLF,
USA,NBA G League,https://www.flashscore.com/basketball/usa/nba-g-league/,Salt Lake City Stars vs Texas Legends,134-125,Finalizado,https://www.flashscore.com/match/basketball/salt-lake-city-stars-AgLqD7ok/texas-legends-4fVhRRHu/?mid=GMyFwxjS,
USA,NBA G League,https://www.flashscore.com/basketball/usa/nba-g-league/,Grand Rapids Gold vs Birmingham Squadron,VS,FRO,https://www.flashscore.com/match/basketball/birmingham-squadron-0IIxdRDj/grand-rapids-gold-xb2nz6Dp/?mid=0fDoYFDk,23:00
USA,NBA G League,https://www.flashscore.com/basketball/usa/nba-g-league/,Greensboro Swarm vs Delaware Blue Coats,VS,FRO,https://www.flashscore.com/match/basketball/delaware-blue-coats-ObGN6mEI/greensboro-swarm-rBcE9l5b/?mid=nBBgWgr2,23:00
USA,NBA G League,https://www.flashscore.com/basketball/usa/nba-g-league/,Motor City Cruise vs Noblesville Boom,VS,FRO,https://www.flashscore.com/match/basketball/motor-city-cruise-OpR6sDil/noblesville-boom-fJQ9i5wm/?mid=MTPyqXR7,23:00
USA,NBA G League,https://www.flashscore.com/basketball/usa/nba-g-league/,Osceola Magic vs Wisconsin Herd,VS,FRO,https://www.flashscore.com/match/basketball/osceola-magic-Qs95x498/wisconsin-herd-E5OyJlL3/?mid=2Jgtfcz9,23:00
USA,NBA G League,https://www.flashscore.com/basketball/usa/nba-g-league/,Sioux Falls Skyforce vs Stockton Kings,VS,FRO,https://www.flashscore.com/match/basketball/sioux-falls-skyforce-4ShJTJym/stockton-kings-p0FFuiM0/?mid=zXilhy5L,23:30
USA,NCAA Women,https://www.flashscore.com/basketball/usa/ncaa-women/,Colorado State W vs Air Force W,56-42,Finalizado,https://www.flashscore.com/match/basketball/air-force-EiBKlHB4/colorado-state-zqcl1LfE/?mid=SpQRAAof,
USA,NCAA Women,https://www.flashscore.com/basketball/usa/ncaa-women/,Alabama A&M W vs Florida A&M W,VS,FRO,https://www.flashscore.com/match/basketball/alabama-a-m-Q9yYFvao/florida-a-m-rqPl7MfS/?mid=x8yMuncc,15:00
USA,NCAA Women,https://www.flashscore.com/basketball/usa/ncaa-women/,Miami (Ohio) W vs Kent State W,VS,FRO,https://www.flashscore.com/match/basketball/kent-state-6BB8niJL/miami-ohio-dCOwPyBa/?mid=YHRGOqo3,15:00
USA,NCAA Women,https://www.flashscore.com/basketball/usa/ncaa-women/,Mcneese State W vs UTRGV W,VS,FRO,https://www.flashscore.com/match/basketball/mcneese-state-8x7a7pbm/ut-rio-grande-valley-vaqueros-pjq1bFPH/?mid=pYvUwQR9,15:30
USA,NCAA Women,https://www.flashscore.com/basketball/usa/ncaa-women/,Howard W vs South Carolina State W,VS,FRO,https://www.flashscore.com/match/basketball/howard-4hAwuXeN/south-carolina-state-EBRmMXG7/?mid=EHYeBQtH,16:00
USA,NCAA Women,https://www.flashscore.com/basketball/usa/ncaa-women/,Louisiana Tech W vs Delaware W,VS,FRO,https://www.flashscore.com/match/basketball/delaware-hx3lgnLD/louisiana-tech-COla1dZM/?mid=Iowxx4dM,16:30
USA,NCAA Women,https://www.flashscore.com/basketball/usa/ncaa-women/,North Texas W vs Florida Atlantic W,VS,FRO,https://www.flashscore.com/match/basketball/florida-atlantic-2B0J1Nzq/north-texas-tdpsNATB/?mid=I1wQL0P7,17:00
USA,NCAA Women,https://www.flashscore.com/basketball/usa/ncaa-women/,Central Michigan W vs Ohio Bobcats W,VS,FRO,https://www.flashscore.com/match/basketball/central-michigan-za5ifkM1/ohio-bobcats-pODAGEHa/?mid=rqPeyNU8,17:30
USA,NCAA Women,https://www.flashscore.com/basketball/usa/ncaa-women/,Lamar W vs Stephen F. Austin W,VS,FRO,https://www.flashscore.com/match/basketball/lamar-cardinals-fgRFGiRI/stephen-f-austin-h6dWanNh/?mid=p8VBq4HE,18:00
USA,NCAA Women,https://www.flashscore.com/basketball/usa/ncaa-women/,Md.-East. Shore W vs Delaware State W,VS,FRO,https://www.flashscore.com/match/basketball/delaware-state-x4a6L3SR/md-eastern-shore-fwmUzqPE/?mid=nVW394BT,18:00
USA,NCAA Women,https://www.flashscore.com/basketball/usa/ncaa-women/,Northeastern W vs UNC Wilmington W,VS,FRO,https://www.flashscore.com/match/basketball/northeastern-huskies-Eqy6e916/unc-wilmington-tbFIzCQ2/?mid=6quOMNFF,18:00
USA,NCAA Women,https://www.flashscore.com/basketball/usa/ncaa-women/,CS Fullerton W vs CS Northridge W,VS,FRO,https://www.flashscore.com/match/basketball/cs-fullerton-vDciN5nr/cs-northridge-dYP3MP1l/?mid=E9rWK1pS,19:00
USA,NCAA Women,https://www.flashscore.com/basketball/usa/ncaa-women/,Florida International W vs Jacksonville St. W,VS,FRO,https://www.flashscore.com/match/basketball/florida-international-2gZn4yS7/jacksonville-st-GjOiBoG1/?mid=lQ58nkwf,19:00
USA,NCAA Women,https://www.flashscore.com/basketball/usa/ncaa-women/,UTSA Roadrunners W vs Temple Owls W,VS,FRO,https://www.flashscore.com/match/basketball/temple-owls-2gJVYs6c/utsa-roadrunners-2iFc5hbE/?mid=Mw4GpT76,19:30
USA,NCAA Women,https://www.flashscore.com/basketball/usa/ncaa-women/,Ball State W vs Bowling Green W,VS,FRO,https://www.flashscore.com/match/basketball/ball-state-O4uwRJ34/bowling-green-SY1qdBik/?mid=AuU1Fu8k,20:00
USA,NCAA Women,https://www.flashscore.com/basketball/usa/ncaa-women/,Idaho Vandals W vs Montana State W,VS,FRO,https://www.flashscore.com/match/basketball/idaho-vandals-lbiP6stp/montana-state-dv3nducq/?mid=U37Or7xJ,21:00
USA,NCAA Women,https://www.flashscore.com/basketball/usa/ncaa-women/,Alcorn State W vs Arkansas-Pine Bluff W,VS,FRO,https://www.flashscore.com/match/basketball/alcorn-state-fuMKSROK/arkansas-pine-bluff-SSUkFZuC/?mid=thE96AUP,21:30
USA,NCAA Women,https://www.flashscore.com/basketball/usa/ncaa-women/,UC Santa Barbara W vs UC Riverside W,VS,FRO,https://www.flashscore.com/match/basketball/uc-riverside-KOUc5qmo/uc-santa-barbara-xlZ8PoG1/?mid=EVoTIEEs,21:30
USA,NCAA Women,https://www.flashscore.com/basketball/usa/ncaa-women/,UT Arlington W vs Utah Tech W,VS,FRO,https://www.flashscore.com/match/basketball/ut-arlington-mavericks-0faGgBLa/utah-tech-lbC6vQc5/?mid=MekyHhqf,22:00
USA,NCAA Women,https://www.flashscore.com/basketball/usa/ncaa-women/,UMass W vs Toledo W,VS,FRO,https://www.flashscore.com/match/basketball/toledo-rockets-htgQJgGa/umass-minutemen-lxhfPcYG/?mid=I5X9DJx2,22:30
VENEZUELA,Superliga,https://www.flashscore.com/basketball/venezuela/superliga/,Brillantes vs Trotamundos,VS,Finalizado,https://www.flashscore.com/match/basketball/brillantes-8QRGBFVf/trotamundos-8SJ51vOP/?mid=MoxPpQkU,23:00
VENEZUELA,Superliga,https://www.flashscore.com/basketball/venezuela/superliga/,Centauros vs Marinos,---,Postp,https://www.flashscore.com/match/basketball/centauros-YPkUFtes/marinos-de-oriente-CvF6vHGC/?mid=j1QjCjRE,
VENEZUELA,Superliga,https://www.flashscore.com/basketball/venezuela/superliga/,Diablos vs Guaiqueries,---,Postp,https://www.flashscore.com/match/basketball/diablos-YeMFmguE/guaiqueries-0v4NSkIg/?mid=d0hOgrBm,
VENEZUELA,Superliga,https://www.flashscore.com/basketball/venezuela/superliga/,Frontinos vs Cocodrilos,---,Postp,https://www.flashscore.com/match/basketball/cocodrilos-z5NoWCMn/frontinos-MZatex1g/?mid=UDjWiMu0,
VENEZUELA,Superliga,https://www.flashscore.com/basketball/venezuela/superliga/,Gaiteros del Zulia vs Pioneros,---,Postp,https://www.flashscore.com/match/basketball/gaiteros-del-zulia-GvTVncqF/pioneros-0xtmPM6E/?mid=2u4wj0AC,
VENEZUELA,Superliga,https://www.flashscore.com/basketball/venezuela/superliga/,Guaiqueries vs Cocodrilos,VS,Finalizado,https://www.flashscore.com/match/basketball/cocodrilos-z5NoWCMn/guaiqueries-0v4NSkIg/?mid=d2u2UldC,23:00
VENEZUELA,Superliga,https://www.flashscore.com/basketball/venezuela/superliga/,Heroes de Falcon vs Spartans,VS,Finalizado,https://www.flashscore.com/match/basketball/heroes-de-falcon-2Xr2Ltu3/spartans-SSsI9g07/?mid=4SrASSQO,23:00
VENEZUELA,Superliga,https://www.flashscore.com/basketball/venezuela/superliga/,Heroes de Falcon vs Trotamundos,---,Postp,https://www.flashscore.com/match/basketball/heroes-de-falcon-2Xr2Ltu3/trotamundos-8SJ51vOP/?mid=A57olvuP,
VENEZUELA,Superliga,https://www.flashscore.com/basketball/venezuela/superliga/,Piratas de La Guaira vs Marinos,VS,Finalizado,https://www.flashscore.com/match/basketball/marinos-de-oriente-CvF6vHGC/piratas-de-la-guaira-UyL12K8J/?mid=f1wMvMbD,23:00
WORLD,Champions League Americas - Play Offs,https://www.flashscore.com/basketball/world/champions-league-americas/,Franca vs Minas,VS,Finalizado,https://www.flashscore.com/match/basketball/franca-CQOHx6Kb/minas-pSzay44H/?mid=IwJs5wqm,22:40
WORLD,World Cup Women - Qualification,https://www.flashscore.com/basketball/world/world-cup-women/,Czech Republic W vs South Sudan W,89-52,Finalizado,https://www.flashscore.com/match/basketball/czech-republic-pY96Xv9f/south-sudan-WQyCgfAE/?mid=lGJAgGwq,
WORLD,World Cup Women - Qualification,https://www.flashscore.com/basketball/world/world-cup-women/,Brazil W vs Belgium W,3-14,Q15,https://www.flashscore.com/match/basketball/belgium-hOOT5m3N/brazil-zFfb3Ece/?mid=prDJif8e,
WORLD,World Cup Women - Qualification,https://www.flashscore.com/basketball/world/world-cup-women/,Argentina W vs Australia W,VS,Finalizado,https://www.flashscore.com/match/basketball/argentina-04dk9d5L/australia-f7gsBIz9/?mid=0AZvZ3Ek,11:30
WORLD,World Cup Women - Qualification,https://www.flashscore.com/basketball/world/world-cup-women/,China W vs Mali W,VS,Finalizado,https://www.flashscore.com/match/basketball/china-GGfwCbL2/mali-lfdU3zTr/?mid=hpYvaxGL,11:30
WORLD,World Cup Women - Qualification,https://www.flashscore.com/basketball/world/world-cup-women/,Nigeria W vs Colombia W,VS,Finalizado,https://www.flashscore.com/match/basketball/colombia-8fn0BD3b/nigeria-MZXv2R2h/?mid=tMdO1glg,13:00
WORLD,World Cup Women - Qualification,https://www.flashscore.com/basketball/world/world-cup-women/,Japan W vs Hungary W,VS,Finalizado,https://www.flashscore.com/match/basketball/hungary-zB6cwNGK/japan-lUhoAxjF/?mid=8Cf0tnMF,14:30
WORLD,World Cup Women - Qualification,https://www.flashscore.com/basketball/world/world-cup-women/,Germany W vs South Korea W,VS,Finalizado,https://www.flashscore.com/match/basketball/germany-8OCCQA3o/south-korea-rTof8GKR/?mid=A1lubBmI,16:00
WORLD,World Cup Women - Qualification,https://www.flashscore.com/basketball/world/world-cup-women/,Canada W vs Turkey W,VS,Finalizado,https://www.flashscore.com/match/basketball/canada-dnhQoFr2/turkey-OO8AWbO0/?mid=tQh8vQjS,17:30
WORLD,World Cup Women - Qualification,https://www.flashscore.com/basketball/world/world-cup-women/,Spain W vs New Zealand W,VS,Finalizado,https://www.flashscore.com/match/basketball/new-zealand-pQdp9yEm/spain-6mbFVIw7/?mid=CnjaHvmm,18:00
WORLD,World Cup Women - Qualification,https://www.flashscore.com/basketball/world/world-cup-women/,France W vs Philippines W,VS,Finalizado,https://www.flashscore.com/match/basketball/france-femUX0vr/philippines-QgmVk2IP/?mid=2yoXaXI5,19:30
WORLD,World Cup Women - Qualification,https://www.flashscore.com/basketball/world/world-cup-women/,USA W vs Senegal W,VS,Finalizado,https://www.flashscore.com/match/basketball/senegal-dOef4frk/usa-fkKQAvuh/?mid=KIxGDdnC,21:00
